Date,VLCC 5yr,Suezmax 5yr,Aframax 5yr,VLCC NB,Suezmax NB,Aframax NB
2020-11-02,65635000.0,45207000.0,35558000.0,,,
2020-11-03,65635000.0,45207000.0,35558000.0,,,
2020-11-04,65635000.0,45207000.0,35558000.0,,,
2020-11-05,65635000.0,45207000.0,35558000.0,,,
2020-11-06,65635000.0,45207000.0,35558000.0,,,
2020-11-09,65344000.0,44937000.0,35327000.0,,,
2020-11-10,65344000.0,44937000.0,35327000.0,,,
2020-11-11,65344000.0,44937000.0,35327000.0,,,
2020-11-12,65344000.0,44937000.0,35327000.0,,,
2020-11-13,65344000.0,44937000.0,35327000.0,,,
2020-11-16,64864000.0,44576000.0,35088000.0,,,
2020-11-17,64864000.0,44576000.0,35088000.0,,,
2020-11-18,64864000.0,44576000.0,35088000.0,,,
2020-11-19,64864000.0,44576000.0,35088000.0,,,
2020-11-20,64864000.0,44576000.0,35088000.0,,,
2020-11-23,64758000.0,44413000.0,34865000.0,,,
2020-11-24,64758000.0,44413000.0,34865000.0,,,
2020-11-25,64758000.0,44413000.0,34865000.0,,,
2020-11-26,64758000.0,44413000.0,34865000.0,,,
2020-11-27,64758000.0,44413000.0,34865000.0,,,
2020-11-30,64633000.0,44205000.0,34637000.0,,,
2020-12-01,64633000.0,44205000.0,34637000.0,,,
2020-12-02,64633000.0,44205000.0,34637000.0,,,
2020-12-03,64633000.0,44205000.0,34637000.0,,,
2020-12-04,64633000.0,44205000.0,34637000.0,,,
2020-12-07,64242000.0,43979000.0,34379000.0,,,
2020-12-08,64242000.0,43979000.0,34379000.0,,,
2020-12-09,64242000.0,43979000.0,34379000.0,,,
2020-12-10,64242000.0,43979000.0,34379000.0,,,
2020-12-11,64242000.0,43979000.0,34379000.0,,,
2020-12-14,64244000.0,43895000.0,34285000.0,,,
2020-12-15,64244000.0,43895000.0,34285000.0,,,
2020-12-16,64244000.0,43895000.0,34285000.0,,,
2020-12-17,64244000.0,43895000.0,34285000.0,,,
2020-12-18,64244000.0,43895000.0,34285000.0,,,
2020-12-21,64188000.0,43842000.0,34129000.0,,,
2020-12-22,64188000.0,43842000.0,34129000.0,,,
2020-12-23,64188000.0,43842000.0,34129000.0,,,
2020-12-24,64188000.0,43842000.0,34129000.0,,,
2021-01-04,64188000.0,43842000.0,34129000.0,,,
2021-01-05,64188000.0,43842000.0,34129000.0,,,
2021-01-06,64188000.0,43842000.0,34129000.0,,,
2021-01-07,64188000.0,43842000.0,34129000.0,,,
2021-01-08,64188000.0,43842000.0,34129000.0,,,
2021-01-11,64031000.0,43793000.0,34137000.0,,,
2021-01-12,64031000.0,43793000.0,34137000.0,,,
2021-01-13,64031000.0,43793000.0,34137000.0,,,
2021-01-14,64031000.0,43793000.0,34137000.0,,,
2021-01-15,64031000.0,43793000.0,34137000.0,,,
2021-01-18,63977000.0,43737000.0,34035000.0,,,
2021-01-19,63977000.0,43737000.0,34035000.0,,,
2021-01-20,63977000.0,43737000.0,34035000.0,,,
2021-01-21,63977000.0,43737000.0,34035000.0,,,
2021-01-22,63977000.0,43737000.0,34035000.0,,,
2021-01-25,64313000.0,43731000.0,34051000.0,,,
2021-01-26,64313000.0,43731000.0,34051000.0,,,
2021-01-27,64313000.0,43731000.0,34051000.0,,,
2021-01-28,64313000.0,43731000.0,34051000.0,,,
2021-01-29,64313000.0,43731000.0,34051000.0,,,
2021-02-01,64594000.0,43734000.0,34008000.0,,,
2021-02-02,64594000.0,43734000.0,34008000.0,,,
2021-02-03,64594000.0,43734000.0,34008000.0,,,
2021-02-04,64594000.0,43734000.0,34008000.0,,,
2021-02-05,64594000.0,43734000.0,34008000.0,,,
2021-02-08,64609000.0,43663000.0,34017000.0,,,
2021-02-09,64609000.0,43663000.0,34017000.0,,,
2021-02-10,64609000.0,43663000.0,34017000.0,,,
2021-02-11,64609000.0,43663000.0,34017000.0,,,
2021-02-12,64609000.0,43663000.0,34017000.0,,,
2021-02-15,64646000.0,43718000.0,34089000.0,,,
2021-02-16,64646000.0,43718000.0,34089000.0,,,
2021-02-17,64646000.0,43718000.0,34089000.0,,,
2021-02-18,64646000.0,43718000.0,34089000.0,,,
2021-02-19,64646000.0,43718000.0,34089000.0,,,
2021-02-22,64789000.0,43739000.0,33953000.0,,,
2021-02-23,64789000.0,43739000.0,33953000.0,,,
2021-02-24,64789000.0,43739000.0,33953000.0,,,
2021-02-25,64789000.0,43739000.0,33953000.0,,,
2021-02-26,64789000.0,43739000.0,33953000.0,,,
2021-03-01,64841000.0,43671000.0,33930000.0,,,
2021-03-02,64841000.0,43671000.0,33930000.0,,,
2021-03-03,64841000.0,43671000.0,33930000.0,,,
2021-03-04,64841000.0,43671000.0,33930000.0,,,
2021-03-05,64841000.0,43671000.0,33930000.0,,,
2021-03-08,65370000.0,43894000.0,34238000.0,,,
2021-03-09,65370000.0,43894000.0,34238000.0,,,
2021-03-10,65370000.0,43894000.0,34238000.0,,,
2021-03-11,65370000.0,43894000.0,34238000.0,,,
2021-03-12,65370000.0,43894000.0,34238000.0,,,
2021-03-15,65617000.0,43880000.0,34407000.0,,,
2021-03-16,65617000.0,43880000.0,34407000.0,,,
2021-03-17,65617000.0,43880000.0,34407000.0,,,
2021-03-18,65617000.0,43880000.0,34407000.0,,,
2021-03-19,65617000.0,43880000.0,34407000.0,,,
2021-03-22,65727000.0,43911000.0,34566000.0,,,
2021-03-23,65727000.0,43911000.0,34566000.0,,,
2021-03-24,65727000.0,43911000.0,34566000.0,,,
2021-03-25,65727000.0,43911000.0,34566000.0,,,
2021-03-26,65727000.0,43911000.0,34566000.0,,,
2021-03-29,65955000.0,44062000.0,34878000.0,,,
2021-03-30,65955000.0,44062000.0,34878000.0,,,
2021-03-31,65955000.0,44062000.0,34878000.0,,,
2021-04-01,65955000.0,44062000.0,34878000.0,,,
2021-04-06,66044000.0,44217000.0,35264000.0,,,
2021-04-07,66044000.0,44217000.0,35264000.0,,,
2021-04-08,66044000.0,44217000.0,35264000.0,,,
2021-04-09,66044000.0,44217000.0,35264000.0,,,
2021-04-12,66177000.0,44301000.0,35365000.0,,,
2021-04-13,66177000.0,44301000.0,35365000.0,,,
2021-04-14,66177000.0,44301000.0,35365000.0,,,
2021-04-15,66177000.0,44301000.0,35365000.0,,,
2021-04-16,66177000.0,44301000.0,35365000.0,,,
2021-04-19,66361000.0,44484000.0,35650000.0,,,
2021-04-20,66361000.0,44484000.0,35650000.0,,,
2021-04-21,66361000.0,44484000.0,35650000.0,,,
2021-04-22,66361000.0,44484000.0,35650000.0,,,
2021-04-23,66361000.0,44484000.0,35650000.0,,,
2021-04-26,66725000.0,44728000.0,36196000.0,,,
2021-04-27,66725000.0,44728000.0,36196000.0,,,
2021-04-28,66725000.0,44728000.0,36196000.0,,,
2021-04-29,66725000.0,44728000.0,36196000.0,,,
2021-04-30,66725000.0,44728000.0,36196000.0,,,
2021-05-04,67063000.0,44903000.0,36774000.0,,,
2021-05-05,67063000.0,44903000.0,36774000.0,,,
2021-05-06,67063000.0,44903000.0,36774000.0,,,
2021-05-07,67063000.0,44903000.0,36774000.0,,,
2021-05-10,67154000.0,45033000.0,37579000.0,,,
2021-05-11,67154000.0,45033000.0,37579000.0,,,
2021-05-12,67154000.0,45033000.0,37579000.0,,,
2021-05-13,67154000.0,45033000.0,37579000.0,,,
2021-05-14,67154000.0,45033000.0,37579000.0,,,
2021-05-17,68055000.0,45286000.0,38068000.0,,,
2021-05-18,68055000.0,45286000.0,38068000.0,,,
2021-05-19,68055000.0,45286000.0,38068000.0,,,
2021-05-20,68055000.0,45286000.0,38068000.0,,,
2021-05-21,68055000.0,45286000.0,38068000.0,,,
2021-05-24,68469000.0,45461000.0,38371000.0,,,
2021-05-25,68469000.0,45461000.0,38371000.0,,,
2021-05-26,68469000.0,45461000.0,38371000.0,,,
2021-05-27,68469000.0,45461000.0,38371000.0,,,
2021-05-28,68469000.0,45461000.0,38371000.0,,,
2021-06-01,68552000.0,45640000.0,38526000.0,,,
2021-06-02,68552000.0,45640000.0,38526000.0,,,
2021-06-03,68552000.0,45640000.0,38526000.0,,,
2021-06-04,68552000.0,45640000.0,38526000.0,,,
2021-06-07,68656000.0,45878000.0,38628000.0,,,
2021-06-08,68656000.0,45878000.0,38628000.0,,,
2021-06-09,68656000.0,45878000.0,38628000.0,,,
2021-06-10,68656000.0,45878000.0,38628000.0,,,
2021-06-11,68656000.0,45878000.0,38628000.0,,,
2021-06-14,68850000.0,46079000.0,38884000.0,,,
2021-06-15,68850000.0,46079000.0,38884000.0,,,
2021-06-16,68850000.0,46079000.0,38884000.0,,,
2021-06-17,68850000.0,46079000.0,38884000.0,,,
2021-06-18,68850000.0,46079000.0,38884000.0,,,
2021-06-21,69367000.0,46393000.0,39129000.0,,,
2021-06-22,69367000.0,46393000.0,39129000.0,,,
2021-06-23,69367000.0,46393000.0,39129000.0,,,
2021-06-24,69367000.0,46393000.0,39129000.0,,,
2021-06-25,69367000.0,46393000.0,39129000.0,,,
2021-06-28,69625000.0,46570000.0,39228000.0,,,
2021-06-29,69625000.0,46570000.0,39228000.0,,,
2021-06-30,69625000.0,46570000.0,39228000.0,,,
2021-07-01,69625000.0,46570000.0,39228000.0,,,
2021-07-02,69625000.0,46570000.0,39228000.0,,,
2021-07-05,71229000.0,47178000.0,39605000.0,,,
2021-07-06,71229000.0,47178000.0,39605000.0,,,
2021-07-07,71229000.0,47178000.0,39605000.0,,,
2021-07-08,71229000.0,47178000.0,39605000.0,,,
2021-07-09,71229000.0,47178000.0,39605000.0,,,
2021-07-12,71586000.0,47390000.0,39755000.0,,,
2021-07-13,71586000.0,47390000.0,39755000.0,,,
2021-07-14,71586000.0,47390000.0,39755000.0,,,
2021-07-15,71586000.0,47390000.0,39755000.0,,,
2021-07-16,71586000.0,47390000.0,39755000.0,,,
2021-07-19,71873000.0,47494000.0,39857000.0,,,
2021-07-20,71873000.0,47494000.0,39857000.0,,,
2021-07-21,71873000.0,47494000.0,39857000.0,,,
2021-07-22,71873000.0,47494000.0,39857000.0,,,
2021-07-23,71873000.0,47494000.0,39857000.0,,,
2021-07-26,71889000.0,47550000.0,39923000.0,,,
2021-07-27,71889000.0,47550000.0,39923000.0,,,
2021-07-28,71889000.0,47550000.0,39923000.0,,,
2021-07-29,71889000.0,47550000.0,39923000.0,,,
2021-07-30,71889000.0,47550000.0,39923000.0,,,
2021-08-02,71569000.0,47459000.0,39859000.0,,,
2021-08-03,71569000.0,47459000.0,39859000.0,,,
2021-08-04,71569000.0,47459000.0,39859000.0,,,
2021-08-05,71569000.0,47459000.0,39859000.0,,,
2021-08-06,71569000.0,47459000.0,39859000.0,,,
2021-08-09,71576000.0,47441000.0,39875000.0,,,
2021-08-10,71576000.0,47441000.0,39875000.0,,,
2021-08-11,71576000.0,47441000.0,39875000.0,,,
2021-08-12,71576000.0,47441000.0,39875000.0,,,
2021-08-13,71576000.0,47441000.0,39875000.0,,,
2021-08-16,71565000.0,47377000.0,39860000.0,,,
2021-08-17,71565000.0,47377000.0,39860000.0,,,
2021-08-18,71565000.0,47377000.0,39860000.0,,,
2021-08-19,71565000.0,47377000.0,39860000.0,,,
2021-08-20,71565000.0,47377000.0,39860000.0,,,
2021-08-23,71597000.0,47335000.0,39839000.0,,,
2021-08-24,71597000.0,47335000.0,39839000.0,,,
2021-08-25,71597000.0,47335000.0,39839000.0,,,
2021-08-26,71597000.0,47335000.0,39839000.0,,,
2021-08-27,71597000.0,47335000.0,39839000.0,,,
2021-08-31,71560000.0,47319000.0,39862000.0,,,
2021-09-01,71560000.0,47319000.0,39862000.0,,,
2021-09-02,71560000.0,47319000.0,39862000.0,,,
2021-09-03,71560000.0,47319000.0,39862000.0,,,
2021-09-06,71521000.0,47285000.0,39855000.0,,,
2021-09-07,71521000.0,47285000.0,39855000.0,,,
2021-09-08,71521000.0,47285000.0,39855000.0,,,
2021-09-09,71521000.0,47285000.0,39855000.0,,,
2021-09-10,71521000.0,47285000.0,39855000.0,,,
2021-09-13,71523000.0,47264000.0,39876000.0,,,
2021-09-14,71523000.0,47264000.0,39876000.0,,,
2021-09-15,71523000.0,47264000.0,39876000.0,,,
2021-09-16,71523000.0,47264000.0,39876000.0,,,
2021-09-17,71523000.0,47264000.0,39876000.0,,,
2021-09-20,71518000.0,47316000.0,39880000.0,,,
2021-09-21,71518000.0,47316000.0,39880000.0,,,
2021-09-22,71518000.0,47316000.0,39880000.0,,,
2021-09-23,71518000.0,47316000.0,39880000.0,,,
2021-09-24,71518000.0,47316000.0,39880000.0,,,
2021-09-27,71518000.0,47333000.0,39856000.0,,,
2021-09-28,71518000.0,47333000.0,39856000.0,,,
2021-09-29,71518000.0,47333000.0,39856000.0,,,
2021-09-30,71518000.0,47333000.0,39856000.0,,,
2021-10-01,71518000.0,47333000.0,39856000.0,,,
2021-10-04,71479000.0,47349000.0,39864000.0,,,
2021-10-05,71479000.0,47349000.0,39864000.0,,,
2021-10-06,71479000.0,47349000.0,39864000.0,,,
2021-10-07,71479000.0,47349000.0,39864000.0,,,
2021-10-08,71479000.0,47349000.0,39864000.0,,,
2021-10-11,71549000.0,47343000.0,39893000.0,,,
2021-10-12,71549000.0,47343000.0,39893000.0,,,
2021-10-13,71549000.0,47343000.0,39893000.0,,,
2021-10-14,71549000.0,47343000.0,39893000.0,,,
2021-10-15,71549000.0,47343000.0,39893000.0,,,
2021-10-18,71899000.0,47589000.0,40122000.0,,,
2021-10-19,71899000.0,47589000.0,40122000.0,,,
2021-10-20,71899000.0,47589000.0,40122000.0,,,
2021-10-21,71899000.0,47589000.0,40122000.0,,,
2021-10-22,71899000.0,47589000.0,40122000.0,,,
2021-10-25,72094000.0,47728000.0,40249000.0,,,
2021-10-26,72094000.0,47728000.0,40249000.0,,,
2021-10-27,72094000.0,47728000.0,40249000.0,,,
2021-10-28,72094000.0,47728000.0,40249000.0,,,
2021-10-29,72094000.0,47728000.0,40249000.0,,,
2021-11-01,72148000.0,47816000.0,40288000.0,,,
2021-11-02,72148000.0,47816000.0,40288000.0,,,
2021-11-03,72148000.0,47816000.0,40288000.0,,,
2021-11-04,72148000.0,47816000.0,40288000.0,,,
2021-11-05,72148000.0,47816000.0,40288000.0,,,
2021-11-08,72278000.0,47832000.0,40335000.0,,,
2021-11-09,72278000.0,47832000.0,40335000.0,,,
2021-11-10,72278000.0,47832000.0,40335000.0,,,
2021-11-11,72278000.0,47832000.0,40335000.0,,,
2021-11-12,72278000.0,47832000.0,40335000.0,,,
2021-11-15,72375000.0,47886000.0,40395000.0,,,
2021-11-16,72375000.0,47886000.0,40395000.0,,,
2021-11-17,72375000.0,47886000.0,40395000.0,,,
2021-11-18,72375000.0,47886000.0,40395000.0,,,
2021-11-19,72375000.0,47886000.0,40395000.0,,,
2021-11-22,72364000.0,47846000.0,40383000.0,,,
2021-11-23,72364000.0,47846000.0,40383000.0,,,
2021-11-24,72364000.0,47846000.0,40383000.0,,,
2021-11-25,72364000.0,47846000.0,40383000.0,,,
2021-11-26,72364000.0,47846000.0,40383000.0,,,
2021-11-29,72391000.0,47891000.0,40639000.0,,,
2021-11-30,72391000.0,47891000.0,40639000.0,,,
2021-12-01,72391000.0,47891000.0,40639000.0,,,
2021-12-02,72391000.0,47891000.0,40639000.0,,,
2021-12-03,72391000.0,47891000.0,40639000.0,,,
2021-12-06,72345000.0,47843000.0,40723000.0,,,
2021-12-07,72345000.0,47843000.0,40723000.0,,,
2021-12-08,72345000.0,47843000.0,40723000.0,,,
2021-12-09,72345000.0,47843000.0,40723000.0,,,
2021-12-10,72345000.0,47843000.0,40723000.0,,,
2021-12-13,72320000.0,47849000.0,40774000.0,,,
2021-12-14,72320000.0,47849000.0,40774000.0,,,
2021-12-15,72320000.0,47849000.0,40774000.0,,,
2021-12-16,72320000.0,47849000.0,40774000.0,,,
2021-12-17,72320000.0,47849000.0,40774000.0,,,
2021-12-20,72399000.0,47913000.0,40837000.0,,,
2021-12-21,72399000.0,47913000.0,40837000.0,,,
2021-12-22,72399000.0,47913000.0,40837000.0,,,
2021-12-24,72399000.0,47913000.0,40837000.0,,,
2022-01-04,72383000.0,47909000.0,40752000.0,,,
2022-01-05,72383000.0,47909000.0,40752000.0,,,
2022-01-06,72383000.0,47909000.0,40752000.0,,,
2022-01-07,72383000.0,47909000.0,40752000.0,,,
2022-01-10,72354000.0,47876000.0,40760000.0,,,
2022-01-11,72354000.0,47876000.0,40760000.0,,,
2022-01-12,72354000.0,47876000.0,40760000.0,,,
2022-01-13,72354000.0,47876000.0,40760000.0,,,
2022-01-14,72354000.0,47876000.0,40760000.0,,,
2022-01-17,72323000.0,47806000.0,40902000.0,,,
2022-01-18,72323000.0,47806000.0,40902000.0,,,
2022-01-19,72323000.0,47806000.0,40902000.0,,,
2022-01-20,72323000.0,47806000.0,40902000.0,,,
2022-01-21,72323000.0,47806000.0,40902000.0,,,
2022-01-24,72287000.0,47791000.0,40884000.0,,,
2022-01-25,72287000.0,47791000.0,40884000.0,,,
2022-01-26,72287000.0,47791000.0,40884000.0,,,
2022-01-27,72287000.0,47791000.0,40884000.0,,,
2022-01-28,72287000.0,47791000.0,40884000.0,,,
2022-01-31,72495000.0,47896000.0,41224000.0,,,
2022-02-01,72495000.0,47896000.0,41224000.0,,,
2022-02-02,72495000.0,47896000.0,41224000.0,,,
2022-02-03,72495000.0,47896000.0,41224000.0,,,
2022-02-04,72495000.0,47896000.0,41224000.0,,,
2022-02-07,72563000.0,47938000.0,41584000.0,,,
2022-02-08,72563000.0,47938000.0,41584000.0,,,
2022-02-09,72563000.0,47938000.0,41584000.0,,,
2022-02-10,72563000.0,47938000.0,41584000.0,,,
2022-02-11,72563000.0,47938000.0,41584000.0,,,
2022-02-14,72542000.0,47951000.0,41671000.0,,,
2022-02-15,72542000.0,47951000.0,41671000.0,,,
2022-02-16,72542000.0,47951000.0,41671000.0,,,
2022-02-17,72542000.0,47951000.0,41671000.0,,,
2022-02-18,72542000.0,47951000.0,41671000.0,,,
2022-02-21,72302000.0,47847000.0,41696000.0,,,
2022-02-22,72302000.0,47847000.0,41696000.0,,,
2022-02-23,72302000.0,47847000.0,41696000.0,,,
2022-02-24,72302000.0,47847000.0,41696000.0,,,
2022-02-25,72302000.0,47847000.0,41696000.0,,,
2022-02-28,72323000.0,47913000.0,41942000.0,,,
2022-03-01,72323000.0,47913000.0,41942000.0,,,
2022-03-02,72323000.0,47913000.0,41942000.0,,,
2022-03-03,72323000.0,47913000.0,41942000.0,,,
2022-03-04,72323000.0,47913000.0,41942000.0,,,
2022-03-07,72708000.0,48172000.0,42407000.0,,,
2022-03-08,72708000.0,48172000.0,42407000.0,,,
2022-03-09,72708000.0,48172000.0,42407000.0,,,
2022-03-10,72708000.0,48172000.0,42407000.0,,,
2022-03-11,72708000.0,48172000.0,42407000.0,,,
2022-03-14,73069000.0,48190000.0,42688000.0,,,
2022-03-15,73069000.0,48190000.0,42688000.0,,,
2022-03-16,73069000.0,48190000.0,42688000.0,,,
2022-03-17,73069000.0,48190000.0,42688000.0,,,
2022-03-18,73069000.0,48190000.0,42688000.0,,,
2022-03-21,73307000.0,48385000.0,43034000.0,,,
2022-03-22,73307000.0,48385000.0,43034000.0,,,
2022-03-23,73307000.0,48385000.0,43034000.0,,,
2022-03-24,73307000.0,48385000.0,43034000.0,,,
2022-03-25,73307000.0,48385000.0,43034000.0,,,
2022-03-28,73469000.0,48763000.0,43350000.0,,,
2022-03-29,73469000.0,48763000.0,43350000.0,,,
2022-03-30,73469000.0,48763000.0,43350000.0,,,
2022-03-31,73469000.0,48763000.0,43350000.0,,,
2022-04-01,73469000.0,48763000.0,43350000.0,,,
2022-04-04,73557000.0,48819000.0,43504000.0,,,
2022-04-05,73557000.0,48819000.0,43504000.0,,,
2022-04-06,73557000.0,48819000.0,43504000.0,,,
2022-04-07,73557000.0,48819000.0,43504000.0,,,
2022-04-08,73557000.0,48819000.0,43504000.0,,,
2022-04-11,74250000.0,49418000.0,44092000.0,,,
2022-04-12,74250000.0,49418000.0,44092000.0,,,
2022-04-13,74250000.0,49418000.0,44092000.0,,,
2022-04-14,74250000.0,49418000.0,44092000.0,,,
2022-04-19,74672000.0,49916000.0,44808000.0,,,
2022-04-20,74672000.0,49916000.0,44808000.0,,,
2022-04-21,74672000.0,49916000.0,44808000.0,,,
2022-04-22,74672000.0,49916000.0,44808000.0,,,
2022-04-25,75375000.0,50378000.0,45185000.0,,,
2022-04-26,75375000.0,50378000.0,45185000.0,,,
2022-04-27,75375000.0,50378000.0,45185000.0,,,
2022-04-28,75375000.0,50378000.0,45185000.0,,,
2022-04-29,75375000.0,50378000.0,45185000.0,,,
2022-05-03,75667000.0,50697000.0,45422000.0,,,
2022-05-04,75667000.0,50697000.0,45422000.0,,,
2022-05-05,75667000.0,50697000.0,45422000.0,,,
2022-05-06,75667000.0,50697000.0,45422000.0,,,
2022-05-09,76052000.0,51031000.0,45958000.0,,,
2022-05-10,76052000.0,51031000.0,45958000.0,,,
2022-05-11,76052000.0,51031000.0,45958000.0,,,
2022-05-12,76052000.0,51031000.0,45958000.0,,,
2022-05-13,76052000.0,51031000.0,45958000.0,,,
2022-05-16,76375000.0,51436000.0,46209000.0,,,
2022-05-17,76375000.0,51436000.0,46209000.0,,,
2022-05-18,76375000.0,51436000.0,46209000.0,,,
2022-05-19,76375000.0,51436000.0,46209000.0,,,
2022-05-20,76375000.0,51436000.0,46209000.0,,,
2022-05-23,76721000.0,51811000.0,46490000.0,,,
2022-05-24,76721000.0,51811000.0,46490000.0,,,
2022-05-25,76721000.0,51811000.0,46490000.0,,,
2022-05-26,76721000.0,51811000.0,46490000.0,,,
2022-05-27,76721000.0,51811000.0,46490000.0,,,
2022-05-30,76995000.0,52156000.0,46863000.0,,,
2022-05-31,76995000.0,52156000.0,46863000.0,,,
2022-06-01,76995000.0,52156000.0,46863000.0,,,
2022-06-06,77327000.0,52210000.0,47219000.0,,,
2022-06-07,77327000.0,52210000.0,47219000.0,,,
2022-06-08,77327000.0,52210000.0,47219000.0,,,
2022-06-09,77327000.0,52210000.0,47219000.0,,,
2022-06-10,77327000.0,52210000.0,47219000.0,,,
2022-06-13,77344000.0,52327000.0,47358000.0,,,
2022-06-14,77344000.0,52327000.0,47358000.0,,,
2022-06-15,77344000.0,52327000.0,47358000.0,,,
2022-06-16,77344000.0,52327000.0,47358000.0,,,
2022-06-17,77344000.0,52327000.0,47358000.0,,,
2022-06-20,77578000.0,52693000.0,47830000.0,,,
2022-06-21,77578000.0,52693000.0,47830000.0,,,
2022-06-22,77578000.0,52693000.0,47830000.0,,,
2022-06-23,77578000.0,52693000.0,47830000.0,,,
2022-06-24,77578000.0,52693000.0,47830000.0,,,
2022-06-27,77720000.0,52989000.0,48269000.0,,,
2022-06-28,77720000.0,52989000.0,48269000.0,,,
2022-06-29,77720000.0,52989000.0,48269000.0,,,
2022-06-30,77720000.0,52989000.0,48269000.0,,,
2022-07-01,77720000.0,52989000.0,48269000.0,,,
2022-07-04,77750000.0,53140000.0,48752000.0,,,
2022-07-05,77750000.0,53140000.0,48752000.0,,,
2022-07-06,77750000.0,53140000.0,48752000.0,,,
2022-07-07,77750000.0,53140000.0,48752000.0,,,
2022-07-08,77750000.0,53140000.0,48752000.0,,,
2022-07-11,78141000.0,53436000.0,48950000.0,,,
2022-07-12,78141000.0,53436000.0,48950000.0,,,
2022-07-13,78141000.0,53436000.0,48950000.0,,,
2022-07-14,78141000.0,53436000.0,48950000.0,,,
2022-07-15,78141000.0,53436000.0,48950000.0,,,
2022-07-18,78820000.0,53771000.0,49386000.0,111000000.0,71000000.0,61000000.0
2022-07-19,78820000.0,53771000.0,49386000.0,111000000.0,71000000.0,61000000.0
2022-07-20,78820000.0,53771000.0,49386000.0,111000000.0,71000000.0,61000000.0
2022-07-21,78820000.0,53771000.0,49386000.0,111000000.0,71000000.0,61000000.0
2022-07-22,78820000.0,53771000.0,49386000.0,111000000.0,71000000.0,61000000.0
2022-07-25,79169000.0,54088000.0,49781000.0,110500000.0,71250000.0,60875000.0
2022-07-26,79169000.0,54088000.0,49781000.0,110500000.0,71250000.0,60875000.0
2022-07-27,79169000.0,54088000.0,49781000.0,110500000.0,71250000.0,60875000.0
2022-07-28,79169000.0,54088000.0,49781000.0,110500000.0,71250000.0,60875000.0
2022-07-29,79169000.0,54088000.0,49781000.0,110500000.0,71250000.0,60875000.0
2022-08-01,79680000.0,54509000.0,50105000.0,110500000.0,71250000.0,60875000.0
2022-08-02,79680000.0,54509000.0,50105000.0,110500000.0,71250000.0,60875000.0
2022-08-03,79680000.0,54509000.0,50105000.0,110500000.0,71250000.0,60875000.0
2022-08-04,79680000.0,54509000.0,50105000.0,110500000.0,71250000.0,60875000.0
2022-08-05,79680000.0,54509000.0,50105000.0,110500000.0,71250000.0,60875000.0
2022-08-08,80208000.0,54718000.0,50339000.0,110000000.0,70750000.0,60375000.0
2022-08-09,80208000.0,54718000.0,50339000.0,110000000.0,70750000.0,60375000.0
2022-08-10,80208000.0,54718000.0,50339000.0,110000000.0,70750000.0,60375000.0
2022-08-11,80208000.0,54718000.0,50339000.0,110000000.0,70750000.0,60375000.0
2022-08-12,80208000.0,54718000.0,50339000.0,110000000.0,70750000.0,60375000.0
2022-08-15,80760000.0,55045000.0,50642000.0,110000000.0,70750000.0,60375000.0
2022-08-16,80760000.0,55045000.0,50642000.0,110000000.0,70750000.0,60375000.0
2022-08-17,80760000.0,55045000.0,50642000.0,110000000.0,70750000.0,60375000.0
2022-08-18,80760000.0,55045000.0,50642000.0,110000000.0,70750000.0,60375000.0
2022-08-19,80760000.0,55045000.0,50642000.0,110000000.0,70750000.0,60375000.0
2022-08-22,81188000.0,55423000.0,51104000.0,110000000.0,70750000.0,60375000.0
2022-08-23,81188000.0,55423000.0,51104000.0,110000000.0,70750000.0,60375000.0
2022-08-24,81188000.0,55423000.0,51104000.0,110000000.0,70750000.0,60375000.0
2022-08-25,81188000.0,55423000.0,51104000.0,110000000.0,70750000.0,60375000.0
2022-08-26,81188000.0,55423000.0,51104000.0,110000000.0,70750000.0,60375000.0
2022-08-30,82500000.0,56280000.0,51785000.0,110000000.0,70750000.0,60375000.0
2022-08-31,82500000.0,56280000.0,51785000.0,110000000.0,70750000.0,60375000.0
2022-09-01,82500000.0,56280000.0,51785000.0,110000000.0,70750000.0,60375000.0
2022-09-02,82500000.0,56280000.0,51785000.0,110000000.0,70750000.0,60375000.0
2022-09-05,82813000.0,56747000.0,52112000.0,109750000.0,70875000.0,60500000.0
2022-09-06,82813000.0,56747000.0,52112000.0,109750000.0,70875000.0,60500000.0
2022-09-07,82813000.0,56747000.0,52112000.0,109750000.0,70875000.0,60500000.0
2022-09-08,82813000.0,56747000.0,52112000.0,109750000.0,70875000.0,60500000.0
2022-09-09,82813000.0,56747000.0,52112000.0,109750000.0,70875000.0,60500000.0
2022-09-12,83052000.0,57145000.0,52641000.0,109750000.0,70875000.0,60500000.0
2022-09-13,83052000.0,57145000.0,52641000.0,109750000.0,70875000.0,60500000.0
2022-09-14,83052000.0,57145000.0,52641000.0,109750000.0,70875000.0,60500000.0
2022-09-15,83052000.0,57145000.0,52641000.0,109750000.0,70875000.0,60500000.0
2022-09-16,83052000.0,57145000.0,52641000.0,109750000.0,70875000.0,60500000.0
2022-09-20,84229000.0,57921000.0,53296000.0,109750000.0,70875000.0,60500000.0
2022-09-21,84229000.0,57921000.0,53296000.0,109750000.0,70875000.0,60500000.0
2022-09-22,84229000.0,57921000.0,53296000.0,109750000.0,70875000.0,60500000.0
2022-09-23,84229000.0,57921000.0,53296000.0,109750000.0,70875000.0,60500000.0
2022-09-26,85271000.0,58568000.0,53690000.0,109750000.0,70875000.0,60500000.0
2022-09-27,85271000.0,58568000.0,53690000.0,109750000.0,70875000.0,60500000.0
2022-09-28,85271000.0,58568000.0,53690000.0,109750000.0,70875000.0,60500000.0
2022-09-29,85271000.0,58568000.0,53690000.0,109750000.0,70875000.0,60500000.0
2022-09-30,85271000.0,58568000.0,53690000.0,109750000.0,70875000.0,60500000.0
2022-10-03,85901000.0,59301000.0,54316000.0,109750000.0,70875000.0,60500000.0
2022-10-04,85901000.0,59301000.0,54316000.0,109750000.0,70875000.0,60500000.0
2022-10-05,85901000.0,59301000.0,54316000.0,109750000.0,70875000.0,60500000.0
2022-10-06,85901000.0,59301000.0,54316000.0,109750000.0,70875000.0,60500000.0
2022-10-07,85901000.0,59301000.0,54316000.0,109750000.0,70875000.0,60500000.0
2022-10-10,88583000.0,59828000.0,56271000.0,109750000.0,70875000.0,60500000.0
2022-10-11,88583000.0,59828000.0,56271000.0,109750000.0,70875000.0,60500000.0
2022-10-12,88583000.0,59828000.0,56271000.0,109750000.0,70875000.0,60500000.0
2022-10-13,88583000.0,59828000.0,56271000.0,109750000.0,70875000.0,60500000.0
2022-10-14,88583000.0,59828000.0,56271000.0,109750000.0,70875000.0,60500000.0
2022-10-17,89281000.0,60439000.0,56819000.0,108750000.0,70125000.0,60250000.0
2022-10-18,89281000.0,60439000.0,56819000.0,108750000.0,70125000.0,60250000.0
2022-10-19,89281000.0,60439000.0,56819000.0,108750000.0,70125000.0,60250000.0
2022-10-20,89281000.0,60439000.0,56819000.0,108750000.0,70125000.0,60250000.0
2022-10-21,89281000.0,60439000.0,56819000.0,108750000.0,70125000.0,60250000.0
2022-10-24,90027000.0,60603000.0,57439000.0,108750000.0,70125000.0,60250000.0
2022-10-25,90027000.0,60603000.0,57439000.0,108750000.0,70125000.0,60250000.0
2022-10-26,90027000.0,60603000.0,57439000.0,108750000.0,70125000.0,60250000.0
2022-10-27,90027000.0,60603000.0,57439000.0,108750000.0,70125000.0,60250000.0
2022-10-28,90027000.0,60603000.0,57439000.0,108750000.0,70125000.0,60250000.0
2022-10-31,90643000.0,60953000.0,57955000.0,108750000.0,70125000.0,60250000.0
2022-11-01,90643000.0,60953000.0,57955000.0,108750000.0,70125000.0,60250000.0
2022-11-02,90643000.0,60953000.0,57955000.0,108750000.0,70125000.0,60250000.0
2022-11-03,90643000.0,60953000.0,57955000.0,108750000.0,70125000.0,60250000.0
2022-11-04,90643000.0,60953000.0,57955000.0,108750000.0,70125000.0,60250000.0
2022-11-07,91152000.0,61579000.0,57294000.0,108375000.0,70375000.0,60375000.0
2022-11-08,91152000.0,61579000.0,57294000.0,108375000.0,70375000.0,60375000.0
2022-11-09,91152000.0,61579000.0,57294000.0,108375000.0,70375000.0,60375000.0
2022-11-10,91152000.0,61579000.0,57294000.0,108375000.0,70375000.0,60375000.0
2022-11-11,91152000.0,61579000.0,57294000.0,108375000.0,70375000.0,60375000.0
2022-11-14,91625000.0,61896000.0,57521000.0,108375000.0,70375000.0,60375000.0
2022-11-15,91625000.0,61896000.0,57521000.0,108375000.0,70375000.0,60375000.0
2022-11-16,91625000.0,61896000.0,57521000.0,108375000.0,70375000.0,60375000.0
2022-11-17,91625000.0,61896000.0,57521000.0,108375000.0,70375000.0,60375000.0
2022-11-18,91625000.0,61896000.0,57521000.0,108375000.0,70375000.0,60375000.0
2022-11-21,92648000.0,62016000.0,57654000.0,108375000.0,70375000.0,60375000.0
2022-11-22,92648000.0,62016000.0,57654000.0,108375000.0,70375000.0,60375000.0
2022-11-23,92648000.0,62016000.0,57654000.0,108375000.0,70375000.0,60375000.0
2022-11-24,92648000.0,62016000.0,57654000.0,108375000.0,70375000.0,60375000.0
2022-11-25,92648000.0,62016000.0,57654000.0,108375000.0,70375000.0,60375000.0
2022-11-28,92990000.0,62502000.0,57965000.0,108375000.0,70375000.0,60375000.0
2022-11-29,92990000.0,62502000.0,57965000.0,108375000.0,70375000.0,60375000.0
2022-11-30,92990000.0,62502000.0,57965000.0,108375000.0,70375000.0,60375000.0
2022-12-01,92990000.0,62502000.0,57965000.0,108375000.0,70375000.0,60375000.0
2022-12-02,92990000.0,62502000.0,57965000.0,108375000.0,70375000.0,60375000.0
2022-12-05,93733000.0,62815000.0,58314000.0,107750000.0,70250000.0,59625000.0
2022-12-06,93733000.0,62815000.0,58314000.0,107750000.0,70250000.0,59625000.0
2022-12-07,93733000.0,62815000.0,58314000.0,107750000.0,70250000.0,59625000.0
2022-12-08,93733000.0,62815000.0,58314000.0,107750000.0,70250000.0,59625000.0
2022-12-09,93733000.0,62815000.0,58314000.0,107750000.0,70250000.0,59625000.0
2022-12-12,93375000.0,63208000.0,58657000.0,107750000.0,70250000.0,59625000.0
2022-12-13,93375000.0,63208000.0,58657000.0,107750000.0,70250000.0,59625000.0
2022-12-14,93375000.0,63208000.0,58657000.0,107750000.0,70250000.0,59625000.0
2022-12-15,93375000.0,63208000.0,58657000.0,107750000.0,70250000.0,59625000.0
2022-12-16,93375000.0,63208000.0,58657000.0,107750000.0,70250000.0,59625000.0
2022-12-19,93425000.0,63467000.0,58798000.0,107750000.0,70250000.0,59625000.0
2022-12-20,93425000.0,63467000.0,58798000.0,107750000.0,70250000.0,59625000.0
2022-12-21,93425000.0,63467000.0,58798000.0,107750000.0,70250000.0,59625000.0
2022-12-22,93425000.0,63467000.0,58798000.0,107750000.0,70250000.0,59625000.0
2022-12-23,93425000.0,63467000.0,58798000.0,107750000.0,70250000.0,59625000.0
2023-01-03,93578000.0,63970000.0,59032000.0,107750000.0,70250000.0,59625000.0
2023-01-05,93578000.0,63970000.0,59032000.0,107750000.0,70250000.0,59625000.0
2023-01-06,93578000.0,63970000.0,59032000.0,107750000.0,70250000.0,59625000.0
2023-01-09,93380000.0,64278000.0,59242000.0,107250000.0,70250000.0,58875000.0
2023-01-10,93380000.0,64278000.0,59242000.0,107250000.0,70250000.0,58875000.0
2023-01-11,93380000.0,64278000.0,59242000.0,107250000.0,70250000.0,58875000.0
2023-01-12,93380000.0,64278000.0,59242000.0,107250000.0,70250000.0,58875000.0
2023-01-13,93380000.0,64278000.0,59242000.0,107250000.0,70250000.0,58875000.0
2023-01-16,93292000.0,64408000.0,59374000.0,107250000.0,70250000.0,58875000.0
2023-01-17,93292000.0,64408000.0,59374000.0,107250000.0,70250000.0,58875000.0
2023-01-18,93292000.0,64408000.0,59374000.0,107250000.0,70250000.0,58875000.0
2023-01-19,93292000.0,64408000.0,59374000.0,107250000.0,70250000.0,58875000.0
2023-01-20,93292000.0,64408000.0,59374000.0,107250000.0,70250000.0,58875000.0
2023-01-23,93635000.0,64986000.0,59806000.0,107250000.0,70250000.0,58875000.0
2023-01-24,93635000.0,64986000.0,59806000.0,107250000.0,70250000.0,58875000.0
2023-01-25,93635000.0,64986000.0,59806000.0,107250000.0,70250000.0,58875000.0
2023-01-26,93635000.0,64986000.0,59806000.0,107250000.0,70250000.0,58875000.0
2023-01-27,93635000.0,64986000.0,59806000.0,107250000.0,70250000.0,58875000.0
2023-01-30,93734000.0,64933000.0,59980000.0,107250000.0,70250000.0,58875000.0
2023-01-31,93734000.0,64933000.0,59980000.0,107250000.0,70250000.0,58875000.0
2023-02-01,93734000.0,64933000.0,59980000.0,107250000.0,70250000.0,58875000.0
2023-02-02,93734000.0,64933000.0,59980000.0,107250000.0,70250000.0,58875000.0
2023-02-03,93734000.0,64933000.0,59980000.0,107250000.0,70250000.0,58875000.0
2023-02-06,93964000.0,65356000.0,60246000.0,107750000.0,70500000.0,58875000.0
2023-02-07,93964000.0,65356000.0,60246000.0,107750000.0,70500000.0,58875000.0
2023-02-08,93964000.0,65356000.0,60246000.0,107750000.0,70500000.0,58875000.0
2023-02-09,93964000.0,65356000.0,60246000.0,107750000.0,70500000.0,58875000.0
2023-02-10,93964000.0,65356000.0,60246000.0,107750000.0,70500000.0,58875000.0
2023-02-13,94208000.0,65599000.0,60476000.0,107750000.0,70500000.0,58875000.0
2023-02-14,94208000.0,65599000.0,60476000.0,107750000.0,70500000.0,58875000.0
2023-02-15,94208000.0,65599000.0,60476000.0,107750000.0,70500000.0,58875000.0
2023-02-16,94208000.0,65599000.0,60476000.0,107750000.0,70500000.0,58875000.0
2023-02-17,94208000.0,65599000.0,60476000.0,107750000.0,70500000.0,58875000.0
2023-02-20,94464000.0,65900000.0,60717000.0,107750000.0,70500000.0,58875000.0
2023-02-21,94464000.0,65900000.0,60717000.0,107750000.0,70500000.0,58875000.0
2023-02-22,94464000.0,65900000.0,60717000.0,107750000.0,70500000.0,58875000.0
2023-02-23,94464000.0,65900000.0,60717000.0,107750000.0,70500000.0,58875000.0
2023-02-24,94464000.0,65900000.0,60717000.0,107750000.0,70500000.0,58875000.0
2023-02-27,95702000.0,66197000.0,60964000.0,107750000.0,70500000.0,58875000.0
2023-02-28,95702000.0,66197000.0,60964000.0,107750000.0,70500000.0,58875000.0
2023-03-01,95702000.0,66197000.0,60964000.0,107750000.0,70500000.0,58875000.0
2023-03-02,95702000.0,66197000.0,60964000.0,107750000.0,70500000.0,58875000.0
2023-03-03,95702000.0,66197000.0,60964000.0,107750000.0,70500000.0,58875000.0
2023-03-06,95989000.0,66436000.0,61192000.0,108000000.0,71250000.0,58750000.0
2023-03-07,95989000.0,66436000.0,61192000.0,108000000.0,71250000.0,58750000.0
2023-03-08,95989000.0,66436000.0,61192000.0,108000000.0,71250000.0,58750000.0
2023-03-09,95989000.0,66436000.0,61192000.0,108000000.0,71250000.0,58750000.0
2023-03-10,95989000.0,66436000.0,61192000.0,108000000.0,71250000.0,58750000.0
2023-03-13,96833000.0,66851000.0,61645000.0,108000000.0,71250000.0,58750000.0
2023-03-14,96833000.0,66851000.0,61645000.0,108000000.0,71250000.0,58750000.0
2023-03-15,96833000.0,66851000.0,61645000.0,108000000.0,71250000.0,58750000.0
2023-03-16,96833000.0,66851000.0,61645000.0,108000000.0,71250000.0,58750000.0
2023-03-17,96833000.0,66851000.0,61645000.0,108000000.0,71250000.0,58750000.0
2023-03-20,97281000.0,66977000.0,61699000.0,108000000.0,71250000.0,58750000.0
2023-03-21,97281000.0,66977000.0,61699000.0,108000000.0,71250000.0,58750000.0
2023-03-22,97281000.0,66977000.0,61699000.0,108000000.0,71250000.0,58750000.0
2023-03-23,97281000.0,66977000.0,61699000.0,108000000.0,71250000.0,58750000.0
2023-03-24,97281000.0,66977000.0,61699000.0,108000000.0,71250000.0,58750000.0
2023-03-27,97604000.0,67228000.0,61852000.0,108000000.0,71250000.0,58750000.0
2023-03-28,97604000.0,67228000.0,61852000.0,108000000.0,71250000.0,58750000.0
2023-03-29,97604000.0,67228000.0,61852000.0,108000000.0,71250000.0,58750000.0
2023-03-30,97604000.0,67228000.0,61852000.0,108000000.0,71250000.0,58750000.0
2023-03-31,97604000.0,67228000.0,61852000.0,108000000.0,71250000.0,58750000.0
2023-04-03,97740000.0,67408000.0,61977000.0,108000000.0,71250000.0,58750000.0
2023-04-04,97740000.0,67408000.0,61977000.0,108000000.0,71250000.0,58750000.0
2023-04-05,97740000.0,67408000.0,61977000.0,108000000.0,71250000.0,58750000.0
2023-04-06,97740000.0,67408000.0,61977000.0,108000000.0,71250000.0,58750000.0
2023-04-11,97740000.0,67408000.0,61977000.0,108000000.0,71250000.0,58750000.0
2023-04-12,97740000.0,67408000.0,61977000.0,108000000.0,71250000.0,58750000.0
2023-04-13,97740000.0,67408000.0,61977000.0,108000000.0,71250000.0,58750000.0
2023-04-14,97740000.0,67408000.0,61977000.0,108000000.0,71250000.0,58750000.0
2023-04-17,97813000.0,67506000.0,62028000.0,108750000.0,71500000.0,59500000.0
2023-04-18,97813000.0,67506000.0,62028000.0,108750000.0,71500000.0,59500000.0
2023-04-19,97813000.0,67506000.0,62028000.0,108750000.0,71500000.0,59500000.0
2023-04-20,97813000.0,67506000.0,62028000.0,108750000.0,71500000.0,59500000.0
2023-04-21,97813000.0,67506000.0,62028000.0,108750000.0,71500000.0,59500000.0
2023-04-24,98052000.0,67944000.0,63091000.0,108750000.0,71500000.0,59500000.0
2023-04-25,98052000.0,67944000.0,63091000.0,108750000.0,71500000.0,59500000.0
2023-04-26,98052000.0,67944000.0,63091000.0,108750000.0,71500000.0,59500000.0
2023-04-27,98052000.0,67944000.0,63091000.0,108750000.0,71500000.0,59500000.0
2023-04-28,98052000.0,67944000.0,63091000.0,108750000.0,71500000.0,59500000.0
2023-05-02,98073000.0,68020000.0,63289000.0,108750000.0,71500000.0,59500000.0
2023-05-03,98073000.0,68020000.0,63289000.0,108750000.0,71500000.0,59500000.0
2023-05-04,98073000.0,68020000.0,63289000.0,108750000.0,71500000.0,59500000.0
2023-05-05,98073000.0,68020000.0,63289000.0,108750000.0,71500000.0,59500000.0
2023-05-09,98073000.0,68026000.0,63284000.0,109000000.0,71750000.0,59875000.0
2023-05-10,98073000.0,68026000.0,63284000.0,109000000.0,71750000.0,59875000.0
2023-05-11,98073000.0,68026000.0,63284000.0,109000000.0,71750000.0,59875000.0
2023-05-12,98073000.0,68026000.0,63284000.0,109000000.0,71750000.0,59875000.0
2023-05-15,98135000.0,68146000.0,63306000.0,109000000.0,71750000.0,59875000.0
2023-05-16,98135000.0,68146000.0,63306000.0,109000000.0,71750000.0,59875000.0
2023-05-17,98135000.0,68146000.0,63306000.0,109000000.0,71750000.0,59875000.0
2023-05-18,98135000.0,68146000.0,63306000.0,109000000.0,71750000.0,59875000.0
2023-05-19,98135000.0,68146000.0,63306000.0,109000000.0,71750000.0,59875000.0
2023-05-22,98146000.0,68151000.0,63228000.0,109000000.0,71750000.0,59875000.0
2023-05-23,98146000.0,68151000.0,63228000.0,109000000.0,71750000.0,59875000.0
2023-05-24,98146000.0,68151000.0,63228000.0,109000000.0,71750000.0,59875000.0
2023-05-25,98146000.0,68151000.0,63228000.0,109000000.0,71750000.0,59875000.0
2023-05-26,98146000.0,68151000.0,63228000.0,109000000.0,71750000.0,59875000.0
2023-05-29,98146000.0,68270000.0,63587000.0,109000000.0,71750000.0,59875000.0
2023-05-30,98146000.0,68270000.0,63587000.0,109000000.0,71750000.0,59875000.0
2023-05-31,98146000.0,68270000.0,63587000.0,109000000.0,71750000.0,59875000.0
2023-06-01,98146000.0,68270000.0,63587000.0,109000000.0,71750000.0,59875000.0
2023-06-02,98146000.0,68270000.0,63587000.0,109000000.0,71750000.0,59875000.0
2023-06-05,98083000.0,68745000.0,64202000.0,109875000.0,72250000.0,60000000.0
2023-06-06,98083000.0,68745000.0,64202000.0,109875000.0,72250000.0,60000000.0
2023-06-07,98083000.0,68745000.0,64202000.0,109875000.0,72250000.0,60000000.0
2023-06-08,98083000.0,68745000.0,64202000.0,109875000.0,72250000.0,60000000.0
2023-06-09,98083000.0,68745000.0,64202000.0,109875000.0,72250000.0,60000000.0
2023-06-12,97746000.0,68743000.0,64241000.0,109875000.0,72250000.0,60000000.0
2023-06-13,97746000.0,68743000.0,64241000.0,109875000.0,72250000.0,60000000.0
2023-06-14,97746000.0,68743000.0,64241000.0,109875000.0,72250000.0,60000000.0
2023-06-15,97746000.0,68743000.0,64241000.0,109875000.0,72250000.0,60000000.0
2023-06-16,97746000.0,68743000.0,64241000.0,109875000.0,72250000.0,60000000.0
2023-06-19,97552000.0,68906000.0,64309000.0,109875000.0,72250000.0,60000000.0
2023-06-20,97552000.0,68906000.0,64309000.0,109875000.0,72250000.0,60000000.0
2023-06-21,97552000.0,68906000.0,64309000.0,109875000.0,72250000.0,60000000.0
2023-06-22,97552000.0,68906000.0,64309000.0,109875000.0,72250000.0,60000000.0
2023-06-23,97552000.0,68906000.0,64309000.0,109875000.0,72250000.0,60000000.0
2023-06-26,97339000.0,69501000.0,64473000.0,109875000.0,72250000.0,60000000.0
2023-06-27,97339000.0,69501000.0,64473000.0,109875000.0,72250000.0,60000000.0
2023-06-28,97339000.0,69501000.0,64473000.0,109875000.0,72250000.0,60000000.0
2023-06-29,97339000.0,69501000.0,64473000.0,109875000.0,72250000.0,60000000.0
2023-06-30,97339000.0,69501000.0,64473000.0,109875000.0,72250000.0,60000000.0
2023-07-03,97307000.0,70486000.0,64540000.0,109875000.0,72250000.0,60000000.0
2023-07-04,97307000.0,70486000.0,64540000.0,109875000.0,72250000.0,60000000.0
2023-07-05,97307000.0,70486000.0,64540000.0,109875000.0,72250000.0,60000000.0
2023-07-06,97307000.0,70486000.0,64540000.0,109875000.0,72250000.0,60000000.0
2023-07-07,97307000.0,70486000.0,64540000.0,109875000.0,72250000.0,60000000.0
2023-07-10,97234000.0,70491000.0,64599000.0,111000000.0,72875000.0,60625000.0
2023-07-11,97234000.0,70491000.0,64599000.0,111000000.0,72875000.0,60625000.0
2023-07-12,97234000.0,70491000.0,64599000.0,111000000.0,72875000.0,60625000.0
2023-07-13,97234000.0,70491000.0,64599000.0,111000000.0,72875000.0,60625000.0
2023-07-14,97234000.0,70491000.0,64599000.0,111000000.0,72875000.0,60625000.0
2023-07-17,97095000.0,70819000.0,64727000.0,111000000.0,72875000.0,60625000.0
2023-07-18,97095000.0,70819000.0,64727000.0,111000000.0,72875000.0,60625000.0
2023-07-19,97095000.0,70819000.0,64727000.0,111000000.0,72875000.0,60625000.0
2023-07-20,97095000.0,70819000.0,64727000.0,111000000.0,72875000.0,60625000.0
2023-07-21,97095000.0,70819000.0,64727000.0,111000000.0,72875000.0,60625000.0
2023-07-24,97121000.0,70810000.0,64665000.0,111000000.0,72875000.0,60625000.0
2023-07-25,97121000.0,70810000.0,64665000.0,111000000.0,72875000.0,60625000.0
2023-07-26,97121000.0,70810000.0,64665000.0,111000000.0,72875000.0,60625000.0
2023-07-27,97121000.0,70810000.0,64665000.0,111000000.0,72875000.0,60625000.0
2023-07-28,97121000.0,70810000.0,64665000.0,111000000.0,72875000.0,60625000.0
2023-07-31,97063000.0,70787000.0,64580000.0,111000000.0,72875000.0,60625000.0
2023-08-01,97063000.0,70787000.0,64580000.0,111000000.0,72875000.0,60625000.0
2023-08-02,97063000.0,70787000.0,64580000.0,111000000.0,72875000.0,60625000.0
2023-08-03,97063000.0,70787000.0,64580000.0,111000000.0,72875000.0,60625000.0
2023-08-04,97063000.0,70787000.0,64580000.0,111000000.0,72875000.0,60625000.0
2023-08-07,96863000.0,70729000.0,64334000.0,111875000.0,73000000.0,60750000.0
2023-08-08,96863000.0,70729000.0,64334000.0,111875000.0,73000000.0,60750000.0
2023-08-09,96863000.0,70729000.0,64334000.0,111875000.0,73000000.0,60750000.0
2023-08-10,96863000.0,70729000.0,64334000.0,111875000.0,73000000.0,60750000.0
2023-08-11,96863000.0,70729000.0,64334000.0,111875000.0,73000000.0,60750000.0
2023-08-14,96783000.0,70784000.0,64225000.0,111875000.0,73000000.0,60750000.0
2023-08-15,96783000.0,70784000.0,64225000.0,111875000.0,73000000.0,60750000.0
2023-08-16,96783000.0,70784000.0,64225000.0,111875000.0,73000000.0,60750000.0
2023-08-17,96783000.0,70784000.0,64225000.0,111875000.0,73000000.0,60750000.0
2023-08-18,96783000.0,70784000.0,64225000.0,111875000.0,73000000.0,60750000.0
2023-08-21,96161000.0,70884000.0,64145000.0,111875000.0,73000000.0,60750000.0
2023-08-22,96161000.0,70884000.0,64145000.0,111875000.0,73000000.0,60750000.0
2023-08-23,96161000.0,70884000.0,64145000.0,111875000.0,73000000.0,60750000.0
2023-08-24,96161000.0,70884000.0,64145000.0,111875000.0,73000000.0,60750000.0
2023-08-25,96161000.0,70884000.0,64145000.0,111875000.0,73000000.0,60750000.0
2023-08-28,96087000.0,71026000.0,64143000.0,111875000.0,73000000.0,60750000.0
2023-08-29,96087000.0,71026000.0,64143000.0,111875000.0,73000000.0,60750000.0
2023-08-30,96087000.0,71026000.0,64143000.0,111875000.0,73000000.0,60750000.0
2023-08-31,96087000.0,71026000.0,64143000.0,111875000.0,73000000.0,60750000.0
2023-09-01,96087000.0,71026000.0,64143000.0,111875000.0,73000000.0,60750000.0
2023-09-04,95995000.0,71046000.0,64063000.0,113625000.0,74625000.0,61625000.0
2023-09-05,95995000.0,71046000.0,64063000.0,113625000.0,74625000.0,61625000.0
2023-09-06,95995000.0,71046000.0,64063000.0,113625000.0,74625000.0,61625000.0
2023-09-07,95995000.0,71046000.0,64063000.0,113625000.0,74625000.0,61625000.0
2023-09-08,95995000.0,71046000.0,64063000.0,113625000.0,74625000.0,61625000.0
2023-09-11,95512000.0,70971000.0,63876000.0,113625000.0,74625000.0,61625000.0
2023-09-12,95512000.0,70971000.0,63876000.0,113625000.0,74625000.0,61625000.0
2023-09-13,95512000.0,70971000.0,63876000.0,113625000.0,74625000.0,61625000.0
2023-09-14,95512000.0,70971000.0,63876000.0,113625000.0,74625000.0,61625000.0
2023-09-15,95512000.0,70971000.0,63876000.0,113625000.0,74625000.0,61625000.0
2023-09-18,95114000.0,70974000.0,63882000.0,113625000.0,74625000.0,61625000.0
2023-09-19,95114000.0,70974000.0,63882000.0,113625000.0,74625000.0,61625000.0
2023-09-20,95114000.0,70974000.0,63882000.0,113625000.0,74625000.0,61625000.0
2023-09-21,95114000.0,70974000.0,63882000.0,113625000.0,74625000.0,61625000.0
2023-09-22,95114000.0,70974000.0,63882000.0,113625000.0,74625000.0,61625000.0
2023-09-25,95109000.0,71115000.0,63862000.0,113625000.0,74625000.0,61625000.0
2023-09-26,95109000.0,71115000.0,63862000.0,113625000.0,74625000.0,61625000.0
2023-09-27,95109000.0,71115000.0,63862000.0,113625000.0,74625000.0,61625000.0
2023-09-28,95109000.0,71115000.0,63862000.0,113625000.0,74625000.0,61625000.0
2023-09-29,95109000.0,71115000.0,63862000.0,113625000.0,74625000.0,61625000.0
2023-10-02,95536000.0,71319000.0,63892000.0,113625000.0,74625000.0,61625000.0
2023-10-03,95536000.0,71319000.0,63892000.0,113625000.0,74625000.0,61625000.0
2023-10-04,95536000.0,71319000.0,63892000.0,113625000.0,74625000.0,61625000.0
2023-10-05,95536000.0,71319000.0,63892000.0,113625000.0,74625000.0,61625000.0
2023-10-06,95536000.0,71319000.0,63892000.0,113625000.0,74625000.0,61625000.0
2023-10-09,95844000.0,71613000.0,64809000.0,113250000.0,74500000.0,61625000.0
2023-10-10,95844000.0,71613000.0,64809000.0,113250000.0,74500000.0,61625000.0
2023-10-11,95844000.0,71613000.0,64809000.0,113250000.0,74500000.0,61625000.0
2023-10-12,95844000.0,71613000.0,64809000.0,113250000.0,74500000.0,61625000.0
2023-10-13,95844000.0,71613000.0,64809000.0,113250000.0,74500000.0,61625000.0
2023-10-16,95967000.0,71798000.0,64943000.0,113250000.0,74500000.0,61625000.0
2023-10-17,95967000.0,71798000.0,64943000.0,113250000.0,74500000.0,61625000.0
2023-10-18,95967000.0,71798000.0,64943000.0,113250000.0,74500000.0,61625000.0
2023-10-19,95967000.0,71798000.0,64943000.0,113250000.0,74500000.0,61625000.0
2023-10-20,95967000.0,71798000.0,64943000.0,113250000.0,74500000.0,61625000.0
2023-10-23,96024000.0,73052000.0,65577000.0,113250000.0,74500000.0,61625000.0
2023-10-24,96024000.0,73052000.0,65577000.0,113250000.0,74500000.0,61625000.0
2023-10-25,96024000.0,73052000.0,65577000.0,113250000.0,74500000.0,61625000.0
2023-10-26,96024000.0,73052000.0,65577000.0,113250000.0,74500000.0,61625000.0
2023-10-27,96024000.0,73052000.0,65577000.0,113250000.0,74500000.0,61625000.0
2023-10-30,96339000.0,74230000.0,65946000.0,113250000.0,74500000.0,61625000.0
2023-10-31,96339000.0,74230000.0,65946000.0,113250000.0,74500000.0,61625000.0
2023-11-01,96339000.0,74230000.0,65946000.0,113250000.0,74500000.0,61625000.0
2023-11-02,96339000.0,74230000.0,65946000.0,113250000.0,74500000.0,61625000.0
2023-11-03,96339000.0,74230000.0,65946000.0,113250000.0,74500000.0,61625000.0
2023-11-06,96467000.0,74702000.0,66258000.0,114000000.0,75250000.0,62000000.0
2023-11-07,96467000.0,74702000.0,66258000.0,114000000.0,75250000.0,62000000.0
2023-11-08,96467000.0,74702000.0,66258000.0,114000000.0,75250000.0,62000000.0
2023-11-09,96467000.0,74702000.0,66258000.0,114000000.0,75250000.0,62000000.0
2023-11-10,96467000.0,74702000.0,66258000.0,114000000.0,75250000.0,62000000.0
2023-11-13,96420000.0,75283000.0,66594000.0,114000000.0,75250000.0,62000000.0
2023-11-14,96420000.0,75283000.0,66594000.0,114000000.0,75250000.0,62000000.0
2023-11-15,96420000.0,75283000.0,66594000.0,114000000.0,75250000.0,62000000.0
2023-11-16,96420000.0,75283000.0,66594000.0,114000000.0,75250000.0,62000000.0
2023-11-17,96420000.0,75283000.0,66594000.0,114000000.0,75250000.0,62000000.0
2023-11-20,96397000.0,75318000.0,66623000.0,114000000.0,75250000.0,62000000.0
2023-11-21,96397000.0,75318000.0,66623000.0,114000000.0,75250000.0,62000000.0
2023-11-22,96397000.0,75318000.0,66623000.0,114000000.0,75250000.0,62000000.0
2023-11-23,96397000.0,75318000.0,66623000.0,114000000.0,75250000.0,62000000.0
2023-11-24,96397000.0,75318000.0,66623000.0,114000000.0,75250000.0,62000000.0
2023-11-27,96411000.0,75471000.0,66768000.0,114000000.0,75250000.0,62000000.0
2023-11-28,96411000.0,75471000.0,66768000.0,114000000.0,75250000.0,62000000.0
2023-11-29,96411000.0,75471000.0,66768000.0,114000000.0,75250000.0,62000000.0
2023-11-30,96411000.0,75471000.0,66768000.0,114000000.0,75250000.0,62000000.0
2023-12-01,96411000.0,75471000.0,66768000.0,114000000.0,75250000.0,62000000.0
2023-12-04,96424000.0,75569000.0,66934000.0,114000000.0,75250000.0,62000000.0
2023-12-05,96424000.0,75569000.0,66934000.0,114000000.0,75250000.0,62000000.0
2023-12-06,96424000.0,75569000.0,66934000.0,114000000.0,75250000.0,62000000.0
2023-12-07,96424000.0,75569000.0,66934000.0,114000000.0,75250000.0,62000000.0
2023-12-08,96424000.0,75569000.0,66934000.0,114000000.0,75250000.0,62000000.0
2023-12-11,98883000.0,75740000.0,67200000.0,114000000.0,75250000.0,62000000.0
2023-12-12,98883000.0,75740000.0,67200000.0,114000000.0,75250000.0,62000000.0
2023-12-13,98883000.0,75740000.0,67200000.0,114000000.0,75250000.0,62000000.0
2023-12-14,98883000.0,75740000.0,67200000.0,114000000.0,75250000.0,62000000.0
2023-12-15,98883000.0,75740000.0,67200000.0,114000000.0,75250000.0,62000000.0
2023-12-18,99755000.0,76104000.0,67508000.0,114000000.0,75250000.0,62000000.0
2023-12-19,99755000.0,76104000.0,67508000.0,114000000.0,75250000.0,62000000.0
2023-12-20,99755000.0,76104000.0,67508000.0,114000000.0,75250000.0,62000000.0
2023-12-21,99755000.0,76104000.0,67508000.0,114000000.0,75250000.0,62000000.0
2023-12-22,99755000.0,76104000.0,67508000.0,114000000.0,75250000.0,62000000.0
2024-01-02,100832000.0,76297000.0,67946000.0,114000000.0,75250000.0,62000000.0
2024-01-03,100832000.0,76297000.0,67946000.0,114000000.0,75250000.0,62000000.0
2024-01-04,100832000.0,76297000.0,67946000.0,114000000.0,75250000.0,62000000.0
2024-01-05,100832000.0,76297000.0,67946000.0,114000000.0,75250000.0,62000000.0
2024-01-08,101847000.0,77099000.0,68436000.0,114250000.0,75500000.0,62250000.0
2024-01-09,101847000.0,77099000.0,68436000.0,114250000.0,75500000.0,62250000.0
2024-01-10,101847000.0,77099000.0,68436000.0,114250000.0,75500000.0,62250000.0
2024-01-11,101847000.0,77099000.0,68436000.0,114250000.0,75500000.0,62250000.0
2024-01-12,101847000.0,77099000.0,68436000.0,114250000.0,75500000.0,62250000.0
2024-01-15,103089000.0,77849000.0,68597000.0,114250000.0,75500000.0,62250000.0
2024-01-16,103089000.0,77849000.0,68597000.0,114250000.0,75500000.0,62250000.0
2024-01-17,103089000.0,77849000.0,68597000.0,114250000.0,75500000.0,62250000.0
2024-01-18,103089000.0,77849000.0,68597000.0,114250000.0,75500000.0,62250000.0
2024-01-19,103089000.0,77849000.0,68597000.0,114250000.0,75500000.0,62250000.0
2024-01-22,103236000.0,78229000.0,68882000.0,114250000.0,75500000.0,62250000.0
2024-01-23,103236000.0,78229000.0,68882000.0,114250000.0,75500000.0,62250000.0
2024-01-24,103236000.0,78229000.0,68882000.0,114250000.0,75500000.0,62250000.0
2024-01-25,103236000.0,78229000.0,68882000.0,114250000.0,75500000.0,62250000.0
2024-01-26,103236000.0,78229000.0,68882000.0,114250000.0,75500000.0,62250000.0
2024-01-29,103185000.0,78775000.0,68968000.0,114250000.0,75500000.0,62250000.0
2024-01-30,103185000.0,78775000.0,68968000.0,114250000.0,75500000.0,62250000.0
2024-01-31,103185000.0,78775000.0,68968000.0,114250000.0,75500000.0,62250000.0
2024-02-01,103185000.0,78775000.0,68968000.0,114250000.0,75500000.0,62250000.0
2024-02-02,103185000.0,78775000.0,68968000.0,114250000.0,75500000.0,62250000.0
2024-02-05,104190000.0,79521000.0,69381000.0,114250000.0,75750000.0,62375000.0
2024-02-06,104190000.0,79521000.0,69381000.0,114250000.0,75750000.0,62375000.0
2024-02-07,104190000.0,79521000.0,69381000.0,114250000.0,75750000.0,62375000.0
2024-02-08,104190000.0,79521000.0,69381000.0,114250000.0,75750000.0,62375000.0
2024-02-09,104190000.0,79521000.0,69381000.0,114250000.0,75750000.0,62375000.0
2024-02-12,104795000.0,79933000.0,69603000.0,114250000.0,75750000.0,62375000.0
2024-02-13,104795000.0,79933000.0,69603000.0,114250000.0,75750000.0,62375000.0
2024-02-14,104795000.0,79933000.0,69603000.0,114250000.0,75750000.0,62375000.0
2024-02-15,104795000.0,79933000.0,69603000.0,114250000.0,75750000.0,62375000.0
2024-02-16,104795000.0,79933000.0,69603000.0,114250000.0,75750000.0,62375000.0
2024-02-19,104476000.0,80280000.0,69655000.0,114250000.0,75750000.0,62375000.0
2024-02-20,104476000.0,80280000.0,69655000.0,114250000.0,75750000.0,62375000.0
2024-02-21,104476000.0,80280000.0,69655000.0,114250000.0,75750000.0,62375000.0
2024-02-22,104476000.0,80280000.0,69655000.0,114250000.0,75750000.0,62375000.0
2024-02-23,104476000.0,80280000.0,69655000.0,114250000.0,75750000.0,62375000.0
2024-02-26,105420000.0,80531000.0,69819000.0,114250000.0,75750000.0,62375000.0
2024-02-27,105420000.0,80531000.0,69819000.0,114250000.0,75750000.0,62375000.0
2024-02-28,105420000.0,80531000.0,69819000.0,114250000.0,75750000.0,62375000.0
2024-02-29,105420000.0,80531000.0,69819000.0,114250000.0,75750000.0,62375000.0
2024-03-01,105420000.0,80531000.0,69819000.0,114250000.0,75750000.0,62375000.0
2024-03-04,106387000.0,80944000.0,70080000.0,115250000.0,76750000.0,63125000.0
2024-03-05,106387000.0,80944000.0,70080000.0,115250000.0,76750000.0,63125000.0
2024-03-06,106387000.0,80944000.0,70080000.0,115250000.0,76750000.0,63125000.0
2024-03-07,106387000.0,80944000.0,70080000.0,115250000.0,76750000.0,63125000.0
2024-03-08,106387000.0,80944000.0,70080000.0,115250000.0,76750000.0,63125000.0
2024-03-11,107856000.0,81504000.0,70263000.0,115250000.0,76750000.0,63125000.0
2024-03-12,107856000.0,81504000.0,70263000.0,115250000.0,76750000.0,63125000.0
2024-03-13,107856000.0,81504000.0,70263000.0,115250000.0,76750000.0,63125000.0
2024-03-14,107856000.0,81504000.0,70263000.0,115250000.0,76750000.0,63125000.0
2024-03-15,107856000.0,81504000.0,70263000.0,115250000.0,76750000.0,63125000.0
2024-03-18,108171000.0,81852000.0,70626000.0,115250000.0,76750000.0,63125000.0
2024-03-19,108171000.0,81852000.0,70626000.0,115250000.0,76750000.0,63125000.0
2024-03-20,108171000.0,81852000.0,70626000.0,115250000.0,76750000.0,63125000.0
2024-03-21,108171000.0,81852000.0,70626000.0,115250000.0,76750000.0,63125000.0
2024-03-22,108171000.0,81852000.0,70626000.0,115250000.0,76750000.0,63125000.0
2024-03-25,108441000.0,82074000.0,70985000.0,115250000.0,76750000.0,63125000.0
2024-03-26,108441000.0,82074000.0,70985000.0,115250000.0,76750000.0,63125000.0
2024-03-27,108441000.0,82074000.0,70985000.0,115250000.0,76750000.0,63125000.0
2024-03-28,108441000.0,82074000.0,70985000.0,115250000.0,76750000.0,63125000.0
2024-04-01,108441000.0,82074000.0,70985000.0,115250000.0,76750000.0,63125000.0
2024-04-02,108441000.0,82074000.0,70985000.0,115250000.0,76750000.0,63125000.0
2024-04-03,108441000.0,82074000.0,70985000.0,115250000.0,76750000.0,63125000.0
2024-04-04,108441000.0,82074000.0,70985000.0,115250000.0,76750000.0,63125000.0
2024-04-05,108441000.0,82074000.0,70985000.0,115250000.0,76750000.0,63125000.0
2024-04-08,108849000.0,82388000.0,71059000.0,116250000.0,77125000.0,63625000.0
2024-04-09,108849000.0,82388000.0,71059000.0,116250000.0,77125000.0,63625000.0
2024-04-10,108849000.0,82388000.0,71059000.0,116250000.0,77125000.0,63625000.0
2024-04-11,108849000.0,82388000.0,71059000.0,116250000.0,77125000.0,63625000.0
2024-04-12,108849000.0,82388000.0,71059000.0,116250000.0,77125000.0,63625000.0
2024-04-15,108929000.0,82582000.0,71395000.0,116250000.0,77125000.0,63625000.0
2024-04-16,108929000.0,82582000.0,71395000.0,116250000.0,77125000.0,63625000.0
2024-04-17,108929000.0,82582000.0,71395000.0,116250000.0,77125000.0,63625000.0
2024-04-18,108929000.0,82582000.0,71395000.0,116250000.0,77125000.0,63625000.0
2024-04-19,108929000.0,82582000.0,71395000.0,116250000.0,77125000.0,63625000.0
2024-04-22,108960000.0,82664000.0,71475000.0,116250000.0,77125000.0,63625000.0
2024-04-23,108960000.0,82664000.0,71475000.0,116250000.0,77125000.0,63625000.0
2024-04-24,108960000.0,82664000.0,71475000.0,116250000.0,77125000.0,63625000.0
2024-04-25,108960000.0,82664000.0,71475000.0,116250000.0,77125000.0,63625000.0
2024-04-26,108960000.0,82664000.0,71475000.0,116250000.0,77125000.0,63625000.0
2024-04-29,109154000.0,82688000.0,71728000.0,116250000.0,77125000.0,63625000.0
2024-04-30,109154000.0,82688000.0,71728000.0,116250000.0,77125000.0,63625000.0
2024-05-01,109154000.0,82688000.0,71728000.0,116250000.0,77125000.0,63625000.0
2024-05-02,109154000.0,82688000.0,71728000.0,116250000.0,77125000.0,63625000.0
2024-05-03,109154000.0,82688000.0,71728000.0,116250000.0,77125000.0,63625000.0
2024-05-06,109357000.0,82708000.0,71854000.0,116000000.0,77333000.0,64500000.0
2024-05-07,109357000.0,82708000.0,71854000.0,116000000.0,77333000.0,64500000.0
2024-05-08,109357000.0,82708000.0,71854000.0,116000000.0,77333000.0,64500000.0
2024-05-09,109357000.0,82708000.0,71854000.0,116000000.0,77333000.0,64500000.0
2024-05-10,109357000.0,82708000.0,71854000.0,116000000.0,77333000.0,64500000.0
2024-05-13,109449000.0,82792000.0,71908000.0,116000000.0,77333000.0,64500000.0
